{"count":1,"self":50.1200864,"total":344.65387269999997,"children":{"InitializeActuators":{"count":1,"self":0.0018449999999999999,"total":0.0018449999999999999,"children":null},"InitializeSensors":{"count":1,"self":0.0020017999999999998,"total":0.0020017999999999998,"children":null},"AgentSendState":{"count":223251,"self":0.9434288999999999,"total":1.8323776999999999,"children":{"CollectObservations":{"count":22326,"self":0.012533599999999999,"total":0.012533599999999999,"children":null},"WriteActionMask":{"count":22326,"self":0.0070027,"total":0.0070027,"children":null},"RequestDecision":{"count":22326,"self":0.0637565,"total":0.86941249999999992,"children":{"AgentInfo.ToProto":{"count":22326,"self":0.12078399999999999,"total":0.80565599999999993,"children":{"GenerateSensorData":{"count":22326,"self":0.6491719,"total":0.68487199999999993,"children":{"RayPerceptionSensor.Perceive":{"count":22326,"self":0.0357001,"total":0.0357001,"children":null}}}}}}}}},"DecideAction":{"count":223251,"self":291.63640319999996,"total":291.6364054,"children":null},"AgentAct":{"count":223251,"self":0.97777779999999992,"total":1.059157,"children":{"AgentInfo.ToProto":{"count":2016,"self":0.013110199999999999,"total":0.0813792,"children":{"GenerateSensorData":{"count":2016,"self":0.060264899999999996,"total":0.068269,"children":{"RayPerceptionSensor.Perceive":{"count":2016,"self":0.0080041,"total":0.0080041,"children":null}}}}}}}},"gauges":{"RaycastObservationEx.CumulativeReward":{"count":2016,"max":4,"min":0,"runningAverage":1.03571355,"value":1,"weightedAverage":1.11814237}},"metadata":{"timer_format_version":"0.1.0","start_time_seconds":"1724116874","unity_version":"2020.3.48f1","command_line_arguments":"C:\\Users\\gurid\\ml-agents-release_19\\RaycastObservation.exe --mlagents-port 5008 -logFile C:\\Users\\gurid\\ml-agents-release_19\\results\\RaycastObservationEx-1\\run_logs\\Player-3.log","communication_protocol_version":"1.5.0","com.unity.ml-agents_version":"2.2.1-exp.1","scene_name":"SampleScene","end_time_seconds":"1724117218"}}