{"count":1,"self":68.9341632,"total":518.6574134,"children":{"InitializeActuators":{"count":1,"self":0.0019988,"total":0.0019988,"children":null},"InitializeSensors":{"count":1,"self":0.0020147999999999998,"total":0.0020147999999999998,"children":null},"AgentSendState":{"count":311951,"self":1.1170476,"total":2.5936087,"children":{"CollectObservations":{"count":31196,"self":0.039428399999999995,"total":0.039428399999999995,"children":null},"WriteActionMask":{"count":31196,"self":0.021771,"total":0.021771,"children":null},"RequestDecision":{"count":31196,"self":0.0672338,"total":1.4153616999999998,"children":{"AgentInfo.ToProto":{"count":31196,"self":0.16107159999999998,"total":1.3481279,"children":{"GenerateSensorData":{"count":31196,"self":1.1449474,"total":1.1870562999999998,"children":{"RayPerceptionSensor.Perceive":{"count":31196,"self":0.0421089,"total":0.0421089,"children":null}}}}}}}}},"DecideAction":{"count":311951,"self":446.0783616,"total":446.07838219999996,"children":null},"AgentAct":{"count":311951,"self":1.0402529999999999,"total":1.0452474,"children":{"AgentInfo.ToProto":{"count":155,"self":0.001001,"total":0.0049943999999999995,"children":{"GenerateSensorData":{"count":155,"self":0.0029966999999999997,"total":0.0039934,"children":{"RayPerceptionSensor.Perceive":{"count":155,"self":0.00099669999999999989,"total":0.00099669999999999989,"children":null}}}}}}}},"gauges":{"CurriculumEx.CumulativeReward":{"count":155,"max":0.900000036,"min":-0.6,"runningAverage":-0.0503225923,"value":0,"weightedAverage":-9.50921E-06}},"metadata":{"timer_format_version":"0.1.0","start_time_seconds":"1724142260","unity_version":"2020.3.48f1","command_line_arguments":"C:\\Users\\gurid\\ml-agents-release_19\\CurriculumEx.exe --mlagents-port 5008 -logFile C:\\Users\\gurid\\ml-agents-release_19\\results\\CurriculumExEx-1\\run_logs\\Player-3.log","communication_protocol_version":"1.5.0","com.unity.ml-agents_version":"2.2.1-exp.1","scene_name":"SampleScene","end_time_seconds":"1724142779"}}