{"count":1,"self":70.6655488,"total":1227.324053,"children":{"InitializeActuators":{"count":1,"self":0.0015151,"total":0.0015151,"children":null},"InitializeSensors":{"count":1,"self":0.0095167999999999989,"total":0.0095167999999999989,"children":null},"AgentSendState":{"count":285367,"self":0.55017589999999994,"total":33.5594141,"children":{"GridSensor.Update":{"count":57074,"self":26.8269248,"total":26.826924599999998,"children":null},"CollectObservations":{"count":57074,"self":0.021713299999999998,"total":0.021713299999999998,"children":null},"WriteActionMask":{"count":57074,"self":0.0511425,"total":0.0511425,"children":null},"RequestDecision":{"count":57074,"self":0.12065079999999999,"total":6.1094577999999995,"children":{"AgentInfo.ToProto":{"count":57074,"self":0.2851518,"total":5.9888069999999995,"children":{"GenerateSensorData":{"count":57074,"self":1.3911236999999999,"total":5.7036552,"children":{"GridSensor.GetCompressedObservation":{"count":57074,"self":4.3125316,"total":4.3125314999999995,"children":null}}}}}}}}},"DecideAction":{"count":285367,"self":1122.26304,"total":1122.2630826,"children":null},"AgentAct":{"count":285367,"self":0.2347853,"total":0.821978,"children":{"GridSensor.Update":{"count":1009,"self":0.49335589999999996,"total":0.49335589999999996,"children":null},"AgentInfo.ToProto":{"count":1009,"self":0.003008,"total":0.0938368,"children":{"GenerateSensorData":{"count":1009,"self":0.0245529,"total":0.0908288,"children":{"GridSensor.GetCompressedObservation":{"count":1009,"self":0.0662759,"total":0.0662759,"children":null}}}}}}}},"gauges":{"JumpGame.CumulativeReward":{"count":1009,"max":0.0976005048,"min":0.004399999,"runningAverage":0.0113078216,"value":0.006,"weightedAverage":0.006866193}},"metadata":{"timer_format_version":"0.1.0","start_time_seconds":"1724214193","unity_version":"2020.3.25f1","command_line_arguments":"C:\\Users\\gurid\\intern\\ml-agents-release_19\\Unity_Ml_sample.exe --mlagents-port 5012 -logFile C:\\Users\\gurid\\intern\\ml-agents-release_19\\results\\JumpEx-1\\run_logs\\Player-7.log","communication_protocol_version":"1.5.0","com.unity.ml-agents_version":"2.2.1-exp.1","scene_name":"SampleScene","end_time_seconds":"1724215420"}}