{"count":1,"self":13.5084992,"total":113.9918081,"children":{"InitializeActuators":{"count":1,"self":0.0020009999999999997,"total":0.0020009999999999997,"children":null},"InitializeSensors":{"count":1,"self":0.0010000999999999999,"total":0.0010000999999999999,"children":null},"AgentSendState":{"count":59617,"self":0.0881769,"total":0.3043742,"children":{"CollectObservations":{"count":5962,"self":0.010685799999999999,"total":0.010685799999999999,"children":null},"WriteActionMask":{"count":5962,"self":0.0010069,"total":0.0010069,"children":null},"RequestDecision":{"count":5962,"self":0.015233,"total":0.20450459999999998,"children":{"AgentInfo.ToProto":{"count":5962,"self":0.034172799999999996,"total":0.18927159999999998,"children":{"GenerateSensorData":{"count":5962,"self":0.15509879999999998,"total":0.15509879999999998,"children":null}}}}}}},"DecideAction":{"count":59617,"self":99.9739776,"total":99.97397939999999,"children":null},"AgentAct":{"count":59617,"self":0.1939275,"total":0.1989406,"children":{"AgentInfo.ToProto":{"count":200,"self":0,"total":0.0050130999999999995,"children":{"GenerateSensorData":{"count":200,"self":0.0050130999999999995,"total":0.0050130999999999995,"children":null}}}}}},"gauges":{"RollerBall.CumulativeReward":{"count":200,"max":2,"min":0,"runningAverage":0.290000021,"value":0,"weightedAverage":0.622930765}},"metadata":{"timer_format_version":"0.1.0","start_time_seconds":"1724144316","unity_version":"2020.3.48f1","command_line_arguments":"C:\\Users\\gurid\\ml-agents-release_19\\RandomizeEx.exe --mlagents-port 5012 -logFile C:\\Users\\gurid\\ml-agents-release_19\\results\\RandomizeEx-1\\run_logs\\Player-7.log","communication_protocol_version":"1.5.0","com.unity.ml-agents_version":"2.2.1-exp.1","scene_name":"SampleScene","end_time_seconds":"1724144430"}}