{"count":1,"self":51.8455424,"total":936.8672495,"children":{"InitializeActuators":{"count":1,"self":0.0020023,"total":0.0020023,"children":null},"InitializeSensors":{"count":1,"self":0.0045179999999999994,"total":0.0045179999999999994,"children":null},"AgentSendState":{"count":278134,"self":0.3276145,"total":27.1140938,"children":{"CollectObservations":{"count":27814,"self":0.0167327,"total":0.0167327,"children":null},"WriteActionMask":{"count":27814,"self":0.012300499999999999,"total":0.012300499999999999,"children":null},"RequestDecision":{"count":27814,"self":0.0931105,"total":26.7574461,"children":{"AgentInfo.ToProto":{"count":27814,"self":0.18229599999999999,"total":26.664335599999998,"children":{"GenerateSensorData":{"count":27814,"self":0.84227389999999991,"total":26.4820396,"children":{"CameraSensor.GetCompressedObservation":{"count":27814,"self":25.6397664,"total":25.639765699999998,"children":null}}}}}}}}},"DecideAction":{"count":278134,"self":856.3385344,"total":856.3385542,"children":null},"AgentAct":{"count":278134,"self":0.74367549999999993,"total":1.5605369999999998,"children":{"AgentInfo.ToProto":{"count":933,"self":0.0050082999999999994,"total":0.8168615,"children":{"GenerateSensorData":{"count":933,"self":0.0226879,"total":0.81185319999999994,"children":{"CameraSensor.GetCompressedObservation":{"count":933,"self":0.7891653,"total":0.7891653,"children":null}}}}}}}},"gauges":{"VisualObservationEx.CumulativeReward":{"count":933,"max":3,"min":0,"runningAverage":0.7513393,"value":2,"weightedAverage":1.42500091}},"metadata":{"timer_format_version":"0.1.0","start_time_seconds":"1724113869","unity_version":"2020.3.48f1","command_line_arguments":"C:\\Users\\gurid\\ml-agents-release_19\\VisualObservation.exe --mlagents-port 5007 -logFile C:\\Users\\gurid\\ml-agents-release_19\\results\\VisualObservation-1\\run_logs\\Player-2.log","communication_protocol_version":"1.5.0","com.unity.ml-agents_version":"2.2.1-exp.1","scene_name":"SampleScene","end_time_seconds":"1724114805"}}